value,datetime,datetime_utc,tz_time,geo_id,geo_name
23295.0,2024-01-03T01:00:00.000+01:00,2024-01-03T00:00:00Z,2024-01-03T00:00:00.000Z,8741,Península
22886.0,2024-01-03T01:15:00.000+01:00,2024-01-03T00:15:00Z,2024-01-03T00:15:00.000Z,8741,Península
22537.0,2024-01-03T01:30:00.000+01:00,2024-01-03T00:30:00Z,2024-01-03T00:30:00.000Z,8741,Península
22239.0,2024-01-03T01:45:00.000+01:00,2024-01-03T00:45:00Z,2024-01-03T00:45:00.000Z,8741,Península
21814.0,2024-01-03T02:00:00.000+01:00,2024-01-03T01:00:00Z,2024-01-03T01:00:00.000Z,8741,Península
21626.0,2024-01-03T02:15:00.000+01:00,2024-01-03T01:15:00Z,2024-01-03T01:15:00.000Z,8741,Península
21484.0,2024-01-03T02:30:00.000+01:00,2024-01-03T01:30:00Z,2024-01-03T01:30:00.000Z,8741,Península
21376.0,2024-01-03T02:45:00.000+01:00,2024-01-03T01:45:00Z,2024-01-03T01:45:00.000Z,8741,Península
21294.0,2024-01-03T03:00:00.000+01:00,2024-01-03T02:00:00Z,2024-01-03T02:00:00.000Z,8741,Península
21174.0,2024-01-03T03:15:00.000+01:00,2024-01-03T02:15:00Z,2024-01-03T02:15:00.000Z,8741,Península
21088.0,2024-01-03T03:30:00.000+01:00,2024-01-03T02:30:00Z,2024-01-03T02:30:00.000Z,8741,Península
21035.0,2024-01-03T03:45:00.000+01:00,2024-01-03T02:45:00Z,2024-01-03T02:45:00.000Z,8741,Península
20989.0,2024-01-03T04:00:00.000+01:00,2024-01-03T03:00:00Z,2024-01-03T03:00:00.000Z,8741,Península
20935.0,2024-01-03T04:15:00.000+01:00,2024-01-03T03:15:00Z,2024-01-03T03:15:00.000Z,8741,Península
20915.0,2024-01-03T04:30:00.000+01:00,2024-01-03T03:30:00Z,2024-01-03T03:30:00.000Z,8741,Península
20959.0,2024-01-03T04:45:00.000+01:00,2024-01-03T03:45:00Z,2024-01-03T03:45:00.000Z,8741,Península
20884.0,2024-01-03T05:00:00.000+01:00,2024-01-03T04:00:00Z,2024-01-03T04:00:00.000Z,8741,Península
21199.0,2024-01-03T05:15:00.000+01:00,2024-01-03T04:15:00Z,2024-01-03T04:15:00.000Z,8741,Península
21628.0,2024-01-03T05:30:00.000+01:00,2024-01-03T04:30:00Z,2024-01-03T04:30:00.000Z,8741,Península
22164.0,2024-01-03T05:45:00.000+01:00,2024-01-03T04:45:00Z,2024-01-03T04:45:00.000Z,8741,Península
22419.0,2024-01-03T06:00:00.000+01:00,2024-01-03T05:00:00Z,2024-01-03T05:00:00.000Z,8741,Península
23204.0,2024-01-03T06:15:00.000+01:00,2024-01-03T05:15:00Z,2024-01-03T05:15:00.000Z,8741,Península
24061.0,2024-01-03T06:30:00.000+01:00,2024-01-03T05:30:00Z,2024-01-03T05:30:00.000Z,8741,Península
24951.0,2024-01-03T06:45:00.000+01:00,2024-01-03T05:45:00Z,2024-01-03T05:45:00.000Z,8741,Península
26181.0,2024-01-03T07:00:00.000+01:00,2024-01-03T06:00:00Z,2024-01-03T06:00:00.000Z,8741,Península
26974.0,2024-01-03T07:15:00.000+01:00,2024-01-03T06:15:00Z,2024-01-03T06:15:00.000Z,8741,Península
27710.0,2024-01-03T07:30:00.000+01:00,2024-01-03T06:30:00Z,2024-01-03T06:30:00.000Z,8741,Península
28380.0,2024-01-03T07:45:00.000+01:00,2024-01-03T06:45:00Z,2024-01-03T06:45:00.000Z,8741,Península
29353.0,2024-01-03T08:00:00.000+01:00,2024-01-03T07:00:00Z,2024-01-03T07:00:00.000Z,8741,Península
29857.0,2024-01-03T08:15:00.000+01:00,2024-01-03T07:15:00Z,2024-01-03T07:15:00.000Z,8741,Península
30275.0,2024-01-03T08:30:00.000+01:00,2024-01-03T07:30:00Z,2024-01-03T07:30:00.000Z,8741,Península
30614.0,2024-01-03T08:45:00.000+01:00,2024-01-03T07:45:00Z,2024-01-03T07:45:00.000Z,8741,Península
30445.0,2024-01-03T09:00:00.000+01:00,2024-01-03T08:00:00Z,2024-01-03T08:00:00.000Z,8741,Península
30646.0,2024-01-03T09:15:00.000+01:00,2024-01-03T08:15:00Z,2024-01-03T08:15:00.000Z,8741,Península
30775.0,2024-01-03T09:30:00.000+01:00,2024-01-03T08:30:00Z,2024-01-03T08:30:00.000Z,8741,Península
30838.0,2024-01-03T09:45:00.000+01:00,2024-01-03T08:45:00Z,2024-01-03T08:45:00.000Z,8741,Península
31269.0,2024-01-03T10:00:00.000+01:00,2024-01-03T09:00:00Z,2024-01-03T09:00:00.000Z,8741,Península
31165.0,2024-01-03T10:15:00.000+01:00,2024-01-03T09:15:00Z,2024-01-03T09:15:00.000Z,8741,Península
31000.0,2024-01-03T10:30:00.000+01:00,2024-01-03T09:30:00Z,2024-01-03T09:30:00.000Z,8741,Península
30800.0,2024-01-03T10:45:00.000+01:00,2024-01-03T09:45:00Z,2024-01-03T09:45:00.000Z,8741,Península
30862.0,2024-01-03T11:00:00.000+01:00,2024-01-03T10:00:00Z,2024-01-03T10:00:00.000Z,8741,Península
30740.0,2024-01-03T11:15:00.000+01:00,2024-01-03T10:15:00Z,2024-01-03T10:15:00.000Z,8741,Península
30630.0,2024-01-03T11:30:00.000+01:00,2024-01-03T10:30:00Z,2024-01-03T10:30:00.000Z,8741,Península
30540.0,2024-01-03T11:45:00.000+01:00,2024-01-03T10:45:00Z,2024-01-03T10:45:00.000Z,8741,Península
30637.0,2024-01-03T12:00:00.000+01:00,2024-01-03T11:00:00Z,2024-01-03T11:00:00.000Z,8741,Península
30619.0,2024-01-03T12:15:00.000+01:00,2024-01-03T11:15:00Z,2024-01-03T11:15:00.000Z,8741,Península
30629.0,2024-01-03T12:30:00.000+01:00,2024-01-03T11:30:00Z,2024-01-03T11:30:00.000Z,8741,Península
30650.0,2024-01-03T12:45:00.000+01:00,2024-01-03T11:45:00Z,2024-01-03T11:45:00.000Z,8741,Península
30807.0,2024-01-03T13:00:00.000+01:00,2024-01-03T12:00:00Z,2024-01-03T12:00:00.000Z,8741,Península
30776.0,2024-01-03T13:15:00.000+01:00,2024-01-03T12:15:00Z,2024-01-03T12:15:00.000Z,8741,Península
30724.0,2024-01-03T13:30:00.000+01:00,2024-01-03T12:30:00Z,2024-01-03T12:30:00.000Z,8741,Península
30656.0,2024-01-03T13:45:00.000+01:00,2024-01-03T12:45:00Z,2024-01-03T12:45:00.000Z,8741,Península
30454.0,2024-01-03T14:00:00.000+01:00,2024-01-03T13:00:00Z,2024-01-03T13:00:00.000Z,8741,Península
30354.0,2024-01-03T14:15:00.000+01:00,2024-01-03T13:15:00Z,2024-01-03T13:15:00.000Z,8741,Península
30260.0,2024-01-03T14:30:00.000+01:00,2024-01-03T13:30:00Z,2024-01-03T13:30:00.000Z,8741,Península
30180.0,2024-01-03T14:45:00.000+01:00,2024-01-03T13:45:00Z,2024-01-03T13:45:00.000Z,8741,Península
30505.0,2024-01-03T15:00:00.000+01:00,2024-01-03T14:00:00Z,2024-01-03T14:00:00.000Z,8741,Península
30470.0,2024-01-03T15:15:00.000+01:00,2024-01-03T14:15:00Z,2024-01-03T14:15:00.000Z,8741,Península
30462.0,2024-01-03T15:30:00.000+01:00,2024-01-03T14:30:00Z,2024-01-03T14:30:00.000Z,8741,Península
30483.0,2024-01-03T15:45:00.000+01:00,2024-01-03T14:45:00Z,2024-01-03T14:45:00.000Z,8741,Península
30662.0,2024-01-03T16:00:00.000+01:00,2024-01-03T15:00:00Z,2024-01-03T15:00:00.000Z,8741,Península
30740.0,2024-01-03T16:15:00.000+01:00,2024-01-03T15:15:00Z,2024-01-03T15:15:00.000Z,8741,Península
30860.0,2024-01-03T16:30:00.000+01:00,2024-01-03T15:30:00Z,2024-01-03T15:30:00.000Z,8741,Península
31029.0,2024-01-03T16:45:00.000+01:00,2024-01-03T15:45:00Z,2024-01-03T15:45:00.000Z,8741,Península
30700.0,2024-01-03T17:00:00.000+01:00,2024-01-03T16:00:00Z,2024-01-03T16:00:00.000Z,8741,Península
31018.0,2024-01-03T17:15:00.000+01:00,2024-01-03T16:15:00Z,2024-01-03T16:15:00.000Z,8741,Península
31373.0,2024-01-03T17:30:00.000+01:00,2024-01-03T16:30:00Z,2024-01-03T16:30:00.000Z,8741,Península
31735.0,2024-01-03T17:45:00.000+01:00,2024-01-03T16:45:00Z,2024-01-03T16:45:00.000Z,8741,Península
31927.0,2024-01-03T18:00:00.000+01:00,2024-01-03T17:00:00Z,2024-01-03T17:00:00.000Z,8741,Península
32144.0,2024-01-03T18:15:00.000+01:00,2024-01-03T17:15:00Z,2024-01-03T17:15:00.000Z,8741,Península
32319.0,2024-01-03T18:30:00.000+01:00,2024-01-03T17:30:00Z,2024-01-03T17:30:00.000Z,8741,Península
32468.0,2024-01-03T18:45:00.000+01:00,2024-01-03T17:45:00Z,2024-01-03T17:45:00.000Z,8741,Península
32387.0,2024-01-03T19:00:00.000+01:00,2024-01-03T18:00:00Z,2024-01-03T18:00:00.000Z,8741,Península
32580.0,2024-01-03T19:15:00.000+01:00,2024-01-03T18:15:00Z,2024-01-03T18:15:00.000Z,8741,Península
32768.0,2024-01-03T19:30:00.000+01:00,2024-01-03T18:30:00Z,2024-01-03T18:30:00.000Z,8741,Península
32938.0,2024-01-03T19:45:00.000+01:00,2024-01-03T18:45:00Z,2024-01-03T18:45:00.000Z,8741,Península
33203.0,2024-01-03T20:00:00.000+01:00,2024-01-03T19:00:00Z,2024-01-03T19:00:00.000Z,8741,Península
33300.0,2024-01-03T20:15:00.000+01:00,2024-01-03T19:15:00Z,2024-01-03T19:15:00.000Z,8741,Península
33307.0,2024-01-03T20:30:00.000+01:00,2024-01-03T19:30:00Z,2024-01-03T19:30:00.000Z,8741,Península
33202.0,2024-01-03T20:45:00.000+01:00,2024-01-03T19:45:00Z,2024-01-03T19:45:00.000Z,8741,Península
33110.0,2024-01-03T21:00:00.000+01:00,2024-01-03T20:00:00Z,2024-01-03T20:00:00.000Z,8741,Península
32669.0,2024-01-03T21:15:00.000+01:00,2024-01-03T20:15:00Z,2024-01-03T20:15:00.000Z,8741,Península
32102.0,2024-01-03T21:30:00.000+01:00,2024-01-03T20:30:00Z,2024-01-03T20:30:00.000Z,8741,Península
31438.0,2024-01-03T21:45:00.000+01:00,2024-01-03T20:45:00Z,2024-01-03T20:45:00.000Z,8741,Península
30638.0,2024-01-03T22:00:00.000+01:00,2024-01-03T21:00:00Z,2024-01-03T21:00:00.000Z,8741,Península
29881.0,2024-01-03T22:15:00.000+01:00,2024-01-03T21:15:00Z,2024-01-03T21:15:00.000Z,8741,Península
29122.0,2024-01-03T22:30:00.000+01:00,2024-01-03T21:30:00Z,2024-01-03T21:30:00.000Z,8741,Península
28375.0,2024-01-03T22:45:00.000+01:00,2024-01-03T21:45:00Z,2024-01-03T21:45:00.000Z,8741,Península
27574.0,2024-01-03T23:00:00.000+01:00,2024-01-03T22:00:00Z,2024-01-03T22:00:00.000Z,8741,Península
26913.0,2024-01-03T23:15:00.000+01:00,2024-01-03T22:15:00Z,2024-01-03T22:15:00.000Z,8741,Península
26293.0,2024-01-03T23:30:00.000+01:00,2024-01-03T22:30:00Z,2024-01-03T22:30:00.000Z,8741,Península
25709.0,2024-01-03T23:45:00.000+01:00,2024-01-03T22:45:00Z,2024-01-03T22:45:00.000Z,8741,Península
25304.0,2024-01-04T00:00:00.000+01:00,2024-01-03T23:00:00Z,2024-01-03T23:00:00.000Z,8741,Península
24754.0,2024-01-04T00:15:00.000+01:00,2024-01-03T23:15:00Z,2024-01-03T23:15:00.000Z,8741,Península
24224.0,2024-01-04T00:30:00.000+01:00,2024-01-03T23:30:00Z,2024-01-03T23:30:00.000Z,8741,Península
23723.0,2024-01-04T00:45:00.000+01:00,2024-01-03T23:45:00Z,2024-01-03T23:45:00.000Z,8741,Península
23256.0,2024-01-04T01:00:00.000+01:00,2024-01-04T00:00:00Z,2024-01-04T00:00:00.000Z,8741,Península
22854.0,2024-01-04T01:15:00.000+01:00,2024-01-04T00:15:00Z,2024-01-04T00:15:00.000Z,8741,Península
22495.0,2024-01-04T01:30:00.000+01:00,2024-01-04T00:30:00Z,2024-01-04T00:30:00.000Z,8741,Península
22179.0,2024-01-04T01:45:00.000+01:00,2024-01-04T00:45:00Z,2024-01-04T00:45:00.000Z,8741,Península
21928.0,2024-01-04T02:00:00.000+01:00,2024-01-04T01:00:00Z,2024-01-04T01:00:00.000Z,8741,Península
21709.0,2024-01-04T02:15:00.000+01:00,2024-01-04T01:15:00Z,2024-01-04T01:15:00.000Z,8741,Península
21532.0,2024-01-04T02:30:00.000+01:00,2024-01-04T01:30:00Z,2024-01-04T01:30:00.000Z,8741,Península
21393.0,2024-01-04T02:45:00.000+01:00,2024-01-04T01:45:00Z,2024-01-04T01:45:00.000Z,8741,Península
21279.0,2024-01-04T03:00:00.000+01:00,2024-01-04T02:00:00Z,2024-01-04T02:00:00.000Z,8741,Península
21165.0,2024-01-04T03:15:00.000+01:00,2024-01-04T02:15:00Z,2024-01-04T02:15:00.000Z,8741,Península
21082.0,2024-01-04T03:30:00.000+01:00,2024-01-04T02:30:00Z,2024-01-04T02:30:00.000Z,8741,Península
21027.0,2024-01-04T03:45:00.000+01:00,2024-01-04T02:45:00Z,2024-01-04T02:45:00.000Z,8741,Península
21207.0,2024-01-04T04:00:00.000+01:00,2024-01-04T03:00:00Z,2024-01-04T03:00:00.000Z,8741,Península
21169.0,2024-01-04T04:15:00.000+01:00,2024-01-04T03:15:00Z,2024-01-04T03:15:00.000Z,8741,Península
21165.0,2024-01-04T04:30:00.000+01:00,2024-01-04T03:30:00Z,2024-01-04T03:30:00.000Z,8741,Península
21222.0,2024-01-04T04:45:00.000+01:00,2024-01-04T03:45:00Z,2024-01-04T03:45:00.000Z,8741,Península
21079.0,2024-01-04T05:00:00.000+01:00,2024-01-04T04:00:00Z,2024-01-04T04:00:00.000Z,8741,Península
21392.0,2024-01-04T05:15:00.000+01:00,2024-01-04T04:15:00Z,2024-01-04T04:15:00.000Z,8741,Península
21812.0,2024-01-04T05:30:00.000+01:00,2024-01-04T04:30:00Z,2024-01-04T04:30:00.000Z,8741,Península
22333.0,2024-01-04T05:45:00.000+01:00,2024-01-04T04:45:00Z,2024-01-04T04:45:00.000Z,8741,Península
22663.0,2024-01-04T06:00:00.000+01:00,2024-01-04T05:00:00Z,2024-01-04T05:00:00.000Z,8741,Península
23408.0,2024-01-04T06:15:00.000+01:00,2024-01-04T05:15:00Z,2024-01-04T05:15:00.000Z,8741,Península
24218.0,2024-01-04T06:30:00.000+01:00,2024-01-04T05:30:00Z,2024-01-04T05:30:00.000Z,8741,Península
25055.0,2024-01-04T06:45:00.000+01:00,2024-01-04T05:45:00Z,2024-01-04T05:45:00.000Z,8741,Península
26091.0,2024-01-04T07:00:00.000+01:00,2024-01-04T06:00:00Z,2024-01-04T06:00:00.000Z,8741,Península
26818.0,2024-01-04T07:15:00.000+01:00,2024-01-04T06:15:00Z,2024-01-04T06:15:00.000Z,8741,Península
27496.0,2024-01-04T07:30:00.000+01:00,2024-01-04T06:30:00Z,2024-01-04T06:30:00.000Z,8741,Península
28121.0,2024-01-04T07:45:00.000+01:00,2024-01-04T06:45:00Z,2024-01-04T06:45:00.000Z,8741,Península
29145.0,2024-01-04T08:00:00.000+01:00,2024-01-04T07:00:00Z,2024-01-04T07:00:00.000Z,8741,Península
29647.0,2024-01-04T08:15:00.000+01:00,2024-01-04T07:15:00Z,2024-01-04T07:15:00.000Z,8741,Península
30074.0,2024-01-04T08:30:00.000+01:00,2024-01-04T07:30:00Z,2024-01-04T07:30:00.000Z,8741,Península
30432.0,2024-01-04T08:45:00.000+01:00,2024-01-04T07:45:00Z,2024-01-04T07:45:00.000Z,8741,Península
30842.0,2024-01-04T09:00:00.000+01:00,2024-01-04T08:00:00Z,2024-01-04T08:00:00.000Z,8741,Península
31088.0,2024-01-04T09:15:00.000+01:00,2024-01-04T08:15:00Z,2024-01-04T08:15:00.000Z,8741,Península
31263.0,2024-01-04T09:30:00.000+01:00,2024-01-04T08:30:00Z,2024-01-04T08:30:00.000Z,8741,Península
31371.0,2024-01-04T09:45:00.000+01:00,2024-01-04T08:45:00Z,2024-01-04T08:45:00.000Z,8741,Península
31455.0,2024-01-04T10:00:00.000+01:00,2024-01-04T09:00:00Z,2024-01-04T09:00:00.000Z,8741,Península
31437.0,2024-01-04T10:15:00.000+01:00,2024-01-04T09:15:00Z,2024-01-04T09:15:00.000Z,8741,Península
31373.0,2024-01-04T10:30:00.000+01:00,2024-01-04T09:30:00Z,2024-01-04T09:30:00.000Z,8741,Península
31273.0,2024-01-04T10:45:00.000+01:00,2024-01-04T09:45:00Z,2024-01-04T09:45:00.000Z,8741,Península
31219.0,2024-01-04T11:00:00.000+01:00,2024-01-04T10:00:00Z,2024-01-04T10:00:00.000Z,8741,Península
31133.0,2024-01-04T11:15:00.000+01:00,2024-01-04T10:15:00Z,2024-01-04T10:15:00.000Z,8741,Península
31058.0,2024-01-04T11:30:00.000+01:00,2024-01-04T10:30:00Z,2024-01-04T10:30:00.000Z,8741,Península
30996.0,2024-01-04T11:45:00.000+01:00,2024-01-04T10:45:00Z,2024-01-04T10:45:00.000Z,8741,Península
30827.0,2024-01-04T12:00:00.000+01:00,2024-01-04T11:00:00Z,2024-01-04T11:00:00.000Z,8741,Península
30813.0,2024-01-04T12:15:00.000+01:00,2024-01-04T11:15:00Z,2024-01-04T11:15:00.000Z,8741,Península
30829.0,2024-01-04T12:30:00.000+01:00,2024-01-04T11:30:00Z,2024-01-04T11:30:00.000Z,8741,Península
30860.0,2024-01-04T12:45:00.000+01:00,2024-01-04T11:45:00Z,2024-01-04T11:45:00.000Z,8741,Península
31492.0,2024-01-04T13:00:00.000+01:00,2024-01-04T12:00:00Z,2024-01-04T12:00:00.000Z,8741,Península
31483.0,2024-01-04T13:15:00.000+01:00,2024-01-04T12:15:00Z,2024-01-04T12:15:00.000Z,8741,Península
31448.0,2024-01-04T13:30:00.000+01:00,2024-01-04T12:30:00Z,2024-01-04T12:30:00.000Z,8741,Península
31390.0,2024-01-04T13:45:00.000+01:00,2024-01-04T12:45:00Z,2024-01-04T12:45:00.000Z,8741,Península
31704.0,2024-01-04T14:00:00.000+01:00,2024-01-04T13:00:00Z,2024-01-04T13:00:00.000Z,8741,Península
31609.0,2024-01-04T14:15:00.000+01:00,2024-01-04T13:15:00Z,2024-01-04T13:15:00.000Z,8741,Península
31506.0,2024-01-04T14:30:00.000+01:00,2024-01-04T13:30:00Z,2024-01-04T13:30:00.000Z,8741,Península
31405.0,2024-01-04T14:45:00.000+01:00,2024-01-04T13:45:00Z,2024-01-04T13:45:00.000Z,8741,Península
31404.0,2024-01-04T15:00:00.000+01:00,2024-01-04T14:00:00Z,2024-01-04T14:00:00.000Z,8741,Península
31329.0,2024-01-04T15:15:00.000+01:00,2024-01-04T14:15:00Z,2024-01-04T14:15:00.000Z,8741,Península
31277.0,2024-01-04T15:30:00.000+01:00,2024-01-04T14:30:00Z,2024-01-04T14:30:00.000Z,8741,Península
31251.0,2024-01-04T15:45:00.000+01:00,2024-01-04T14:45:00Z,2024-01-04T14:45:00.000Z,8741,Península
31147.0,2024-01-04T16:00:00.000+01:00,2024-01-04T15:00:00Z,2024-01-04T15:00:00.000Z,8741,Península
31176.0,2024-01-04T16:15:00.000+01:00,2024-01-04T15:15:00Z,2024-01-04T15:15:00.000Z,8741,Península
31245.0,2024-01-04T16:30:00.000+01:00,2024-01-04T15:30:00Z,2024-01-04T15:30:00.000Z,8741,Península
31361.0,2024-01-04T16:45:00.000+01:00,2024-01-04T15:45:00Z,2024-01-04T15:45:00.000Z,8741,Península
31246.0,2024-01-04T17:00:00.000+01:00,2024-01-04T16:00:00Z,2024-01-04T16:00:00.000Z,8741,Península
31543.0,2024-01-04T17:15:00.000+01:00,2024-01-04T16:15:00Z,2024-01-04T16:15:00.000Z,8741,Península
31874.0,2024-01-04T17:30:00.000+01:00,2024-01-04T16:30:00Z,2024-01-04T16:30:00.000Z,8741,Península
32205.0,2024-01-04T17:45:00.000+01:00,2024-01-04T16:45:00Z,2024-01-04T16:45:00.000Z,8741,Península
32463.0,2024-01-04T18:00:00.000+01:00,2024-01-04T17:00:00Z,2024-01-04T17:00:00.000Z,8741,Península
32660.0,2024-01-04T18:15:00.000+01:00,2024-01-04T17:15:00Z,2024-01-04T17:15:00.000Z,8741,Península
32806.0,2024-01-04T18:30:00.000+01:00,2024-01-04T17:30:00Z,2024-01-04T17:30:00.000Z,8741,Península
32915.0,2024-01-04T18:45:00.000+01:00,2024-01-04T17:45:00Z,2024-01-04T17:45:00.000Z,8741,Península
32561.0,2024-01-04T19:00:00.000+01:00,2024-01-04T18:00:00Z,2024-01-04T18:00:00.000Z,8741,Península
32691.0,2024-01-04T19:15:00.000+01:00,2024-01-04T18:15:00Z,2024-01-04T18:15:00.000Z,8741,Península
32821.0,2024-01-04T19:30:00.000+01:00,2024-01-04T18:30:00Z,2024-01-04T18:30:00.000Z,8741,Península
32941.0,2024-01-04T19:45:00.000+01:00,2024-01-04T18:45:00Z,2024-01-04T18:45:00.000Z,8741,Península
32799.0,2024-01-04T20:00:00.000+01:00,2024-01-04T19:00:00Z,2024-01-04T19:00:00.000Z,8741,Península
32926.0,2024-01-04T20:15:00.000+01:00,2024-01-04T19:15:00Z,2024-01-04T19:15:00.000Z,8741,Península
33003.0,2024-01-04T20:30:00.000+01:00,2024-01-04T19:30:00Z,2024-01-04T19:30:00.000Z,8741,Península
32989.0,2024-01-04T20:45:00.000+01:00,2024-01-04T19:45:00Z,2024-01-04T19:45:00.000Z,8741,Península
33212.0,2024-01-04T21:00:00.000+01:00,2024-01-04T20:00:00Z,2024-01-04T20:00:00.000Z,8741,Península
32797.0,2024-01-04T21:15:00.000+01:00,2024-01-04T20:15:00Z,2024-01-04T20:15:00.000Z,8741,Península
32242.0,2024-01-04T21:30:00.000+01:00,2024-01-04T20:30:00Z,2024-01-04T20:30:00.000Z,8741,Península
31579.0,2024-01-04T21:45:00.000+01:00,2024-01-04T20:45:00Z,2024-01-04T20:45:00.000Z,8741,Península
30994.0,2024-01-04T22:00:00.000+01:00,2024-01-04T21:00:00Z,2024-01-04T21:00:00.000Z,8741,Península
30214.0,2024-01-04T22:15:00.000+01:00,2024-01-04T21:15:00Z,2024-01-04T21:15:00.000Z,8741,Península
29424.0,2024-01-04T22:30:00.000+01:00,2024-01-04T21:30:00Z,2024-01-04T21:30:00.000Z,8741,Península
28652.0,2024-01-04T22:45:00.000+01:00,2024-01-04T21:45:00Z,2024-01-04T21:45:00.000Z,8741,Península
27730.0,2024-01-04T23:00:00.000+01:00,2024-01-04T22:00:00Z,2024-01-04T22:00:00.000Z,8741,Península
27104.0,2024-01-04T23:15:00.000+01:00,2024-01-04T22:15:00Z,2024-01-04T22:15:00.000Z,8741,Península
26534.0,2024-01-04T23:30:00.000+01:00,2024-01-04T22:30:00Z,2024-01-04T22:30:00.000Z,8741,Península
26007.0,2024-01-04T23:45:00.000+01:00,2024-01-04T22:45:00Z,2024-01-04T22:45:00.000Z,8741,Península
25589.0,2024-01-05T00:00:00.000+01:00,2024-01-04T23:00:00Z,2024-01-04T23:00:00.000Z,8741,Península
25074.0,2024-01-05T00:15:00.000+01:00,2024-01-04T23:15:00Z,2024-01-04T23:15:00.000Z,8741,Península
24570.0,2024-01-05T00:30:00.000+01:00,2024-01-04T23:30:00Z,2024-01-04T23:30:00.000Z,8741,Península
24087.0,2024-01-05T00:45:00.000+01:00,2024-01-04T23:45:00Z,2024-01-04T23:45:00.000Z,8741,Península
